user_id,firstname,lastname,address,phone_number,registration_date
1,Audrie,Gaine of England,8621 Goodland Way,6562591466,2017-06-19
2,Leo,Cowgill,68673 Pierstorff Circle,2433898310,2004-02-09
3,Adela,Dumbrall,81 Monument Park,6446407786,2001-04-11
4,Vlad,Disney,139 Judy Trail,6486349350,2018-09-18
5,Arden,Quade,0 Cottonwood Point,3594249225,2006-05-26
6,Stefano,Habbeshaw,18 Petterle Avenue,2019701335,2006-04-01
7,Mercedes,Laybourn,17 Maple Wood Road,1126973056,2010-07-19
8,Emery,Rubinowicz,4794 Sycamore Alley,6549023637,2006-01-21
9,Norah,Lowater,526 Westport Junction,3473069075,2003-03-31
10,Vivian,Skitterel,697 Esch Terrace,8464864120,2022-08-27
11,Vidovic,Haymes,3 Sugar Court,1711056134,2004-11-08
12,Giavani,Wais,696 Ridge Oak Center,2123187688,2008-03-01
13,Wadsworth,Reggiani,5812 Anthes Center,1613404250,2006-08-05
14,Sadye,Winton,8 Grayhawk Trail,3059550999,2005-03-22
15,Arabela,Kleinstern,76 Shasta Trail,4383710201,2021-08-26
16,Teresina,Placido,08986 Jenna Avenue,6828958675,2003-10-06
17,Rikki,MacKartan,19292 Cascade Hill,5985966334,2014-12-07
18,Brade,Korneluk,3911 Maple Court,4068816022,2012-11-13
19,Katharina,Shearmer,2 Golf View Point,6524589059,2013-03-03
20,Dre,Tottle,1 Nelson Way,6125289736,2015-11-22
21,Millicent,Damant,3 Grim Center,3556420567,2023-10-07
22,Doloritas,Illem,5063 Mitchell Street,9353413334,2016-04-16
23,Valentia,Hallahan,46446 Norway Maple Parkway,7339763670,2013-03-04
24,Cyril,Janda,61429 Barnett Pass,1507747466,2006-11-08
25,Lorne,Churchyard,52301 Johnson Crossing,5543673881,2000-04-03
26,Brady,Simnor,499 Butterfield Drive,6604219308,2020-09-08
27,Saunder,Rylance,99 Nelson Circle,8265172412,2002-02-12
28,Samara,Philipps,21444 Cascade Crossing,5519166256,2005-03-04
29,Duke,Gredden,8 Forster Center,6145669308,2008-09-20
30,Nikos,Penquet,70022 Schlimgen Pass,3483862837,2019-09-25
31,Quinn,Byron,21 Sage Way,6469080501,2002-04-03
32,Gabbey,Cratere,145 Kedzie Alley,7379112198,2015-05-22
33,Kristyn,Fallawe,799 Clemons Crossing,5006702520,2004-08-07
34,Gabriela,Vankov,3404 Luster Terrace,3889684827,2007-10-04
35,Pammi,Barnsdall,014 Kinsman Avenue,9146331698,2021-06-09
36,Bartlet,Ashbolt,56734 Tennessee Crossing,8854360776,2015-11-02
37,Gustie,Degli Abbati,908 Sherman Avenue,7679400048,2014-04-15
38,Ruggiero,Binny,4 Kinsman Street,3034982864,2004-11-05
39,Geraldine,D'Arrigo,476 Mockingbird Junction,2152322534,2003-11-23
40,Stefan,Lomath,84 Rigney Road,2232205810,2022-04-18
41,Cristi,Grinyakin,1857 Rockefeller Drive,8706947711,2015-06-09
42,Armstrong,Shearsby,4611 Vera Road,6162278628,2022-11-20
43,Jeremiah,Meys,1282 Barby Avenue,7189403483,2021-10-28
44,Riobard,Pingstone,9583 Roth Drive,1676076427,2007-12-27
45,Lucias,Somerlie,34 Fulton Point,9251407404,2002-04-12
46,Danni,Aumerle,3 Mesta Point,9294169749,2000-08-24
47,Porter,Shallo,8651 Del Sol Drive,9146259912,2015-09-13
48,Inness,Ferrier,23524 Weeping Birch Drive,3035705053,2018-04-16
49,Kariotta,Gyles,1057 Oak Terrace,7194647357,2020-02-20
50,Nelia,Shrimpling,69 Hauk Court,3401753648,2001-09-06
51,Jarrid,Ten Broek,26734 Russell Park,8468012333,2004-09-17
52,Ilene,Ainslee,49 Crest Line Way,1678687621,2010-06-12
53,Ulrich,Borth,056 8th Street,8677557005,2019-06-24
54,Roana,Albany,76 Warner Alley,2012010702,2022-10-23
55,Jabez,Pedrocchi,39 Carberry Pass,4116948772,2005-04-05
56,Sher,Dungey,9 Mallory Trail,5969640919,2015-02-26
57,Anton,Thomassen,643 Reindahl Circle,4147279198,2011-04-13
58,Garfield,Bernuzzi,519 Schmedeman Way,8161684093,2005-01-01
59,Harriott,Piell,7066 Rockefeller Terrace,9709401212,2013-06-13
60,Debby,Domingues,5 Ridge Oak Parkway,1652698710,2002-11-23
61,Pavla,Yandell,22 Pawling Hill,6928337058,2005-11-18
62,Alecia,Ghelardi,436 Butternut Drive,2974860897,2001-07-23
63,Abbi,Hufton,26186 Melrose Park,3865454488,2023-11-08
64,Corney,Gerold,51292 Maryland Parkway,2052214426,2008-09-24
65,Abagael,Pencott,7963 Brentwood Terrace,4044701017,2008-10-14
66,Livvyy,Casse,434 Crescent Oaks Alley,1695421488,2001-01-08
67,Helen,Korejs,739 La Follette Avenue,4513532848,2008-01-15
68,Julita,Chell,8 Thompson Lane,9383442720,2019-07-22
69,Kynthia,Ferrillio,40434 Johnson Terrace,5478673228,2006-02-16
70,Zorina,Linnock,3607 Ryan Point,7904964514,2008-05-12
71,Rita,Torbet,78 Red Cloud Crossing,5661394837,2004-11-22
72,Adrianna,Hirth,127 Vidon Alley,3852576713,2002-10-20
73,Glenna,Beeby,14 Bellgrove Street,5199996737,2023-10-12
74,Queenie,Habergham,58642 Nobel Terrace,1374634630,2023-10-02
75,Farrell,Ferby,57 Mallard Road,9167863273,2014-03-21
76,Doy,Patillo,5 Warbler Park,4187384579,2003-01-18
77,Harriett,Gilcriest,52668 Lawn Place,9866260387,2015-08-19
78,Catharine,Labrom,37862 Delladonna Court,2997316853,2010-12-07
79,Rikki,Dyett,810 Northport Trail,2966452858,2021-11-22
80,Chico,Firk,9718 East Alley,7995485102,2021-05-01
81,Mahmoud,Jervis,8352 Northview Terrace,6257334278,2017-06-17
82,Granville,Stell,210 Bay Way,3893709275,2010-06-06
83,Morey,Wrennall,56997 Macpherson Trail,4851172510,2013-03-25
84,Rickie,Blaszczak,0909 American Lane,8404835994,2000-07-29
85,Lonnie,O'Mullally,40 Calypso Hill,9014878408,2022-01-03
86,Carrol,Drewett,3394 Sommers Court,8368087639,2003-10-01
87,Kassi,Schoroder,8433 Superior Alley,3304772058,2019-04-14
88,Elihu,Harrad,9740 Arizona Parkway,7875128455,2013-12-02
89,Ernie,Abrahim,34551 Fisk Park,6862709281,2023-02-19
90,Nolie,Lambot,2441 High Crossing Trail,5965285466,2002-09-04
91,Constanta,Aldis,87 Moose Junction,5616770443,2002-07-14
92,Magdalena,Luscott,54390 Maple Way,9038874237,2012-01-18
93,Aleen,McIndoe,29 Nova Hill,7447372381,2022-08-13
94,Nariko,Maltman,6812 Ramsey Place,2874356663,2016-03-30
95,Emmery,Glede,406 Graceland Park,9206386557,2008-02-17
96,Fanchette,Springthorp,951 Marcy Trail,6393400129,2006-10-10
97,Wendye,Kaas,13716 Esker Alley,7982037236,2023-06-16
98,Kelila,Inmett,42 Vidon Alley,6637308870,2002-12-14
99,Truman,Gude,547 Parkside Place,1325050509,2018-07-21
100,Dorella,McQueen,5 Manley Lane,7661896148,2010-02-13
