user_id,username,password,email
1,Shelagh,gV5(o\$_hJEoIQ1|,sslowcock0@msu.edu
2,Karim,dP1>!&bj4,khardin1@amazonaws.com
3,Reese,fW0!B)!a>+,rbeardon2@photobucket.com
4,Zollie,"tZ0""Aq`\puvKl_D",zstoppard3@spiegel.de
5,Tersina,tQ2`muRTtADX,tlawles4@youku.com
6,Isidore,wY2(Loaa>d%B4(Bz,itowsey5@sohu.com
7,Nettle,"bI8~dW&\I""K?",nivanchov6@slashdot.org
8,Kandy,dE0%zV0XLa,ksturdgess7@simplemachines.org
9,Melania,bA0.Sv'z5qGs4!,mloines8@ameblo.jp
10,Janice,qY8?6Sbtx,jhallifax9@jiathis.com
11,Flemming,"pP3'Hd<f,d3w",fkeizmana@about.com
12,Consuelo,vN9'tnEZ'yf)>|Wo,cmorphetb@qq.com
13,Osgood,tG5<R+FPCii,ocorbetc@hud.gov
14,Mavis,"zR3<'f,L",mstanyond@1und1.de
15,Alisa,"dN3""=>$X(""",astansbiee@baidu.com
16,Clemens,fX5\jR)CV@),cweatherleyf@desdev.cn
17,Adamo,"hI3""7KM<oE\klI",aebbing@sitemeter.com
18,Donn,nT4+|F$2hb=j,dheskinsh@redcross.org
19,Radcliffe,rU7+W6gF6B2@l8oh,rbelli@infoseek.co.jp
20,Pippy,kV0<t9O8&xf,pcordaroyj@google.de
21,Bjorn,kX8%5S(T#,bmilazzok@comcast.net
22,Yvonne,rJ4<s$Q0uEI$,ydelasallel@lycos.com
23,Marieann,"hX7}fz`,&`k.k6",mshipm@parallels.com
24,Delora,"lB8""R*J`",dbreartyn@mayoclinic.com
25,Brody,uL9'09{2M,bnicholeso@house.gov
26,Rutger,wP9`'z%o&3{|,rduddingp@telegraph.co.uk
27,Robbi,zY2'`9#/`iE0,rjorgq@blogs.com
28,Standford,"iZ9{~Es95/vZIE""W",sshipperbottomr@admin.ch
29,Robby,"vE0.c.Q#3gd,/\V",rvelldens@disqus.com
30,Juliana,vD8)Sr_.&NA9E,jdiggellt@samsung.com
31,Jessi,"aG9}jMw""""CIb2",jbrosiusu@paginegialle.it
32,Meredeth,iR1'vO9i`!wb7yi,mwalshv@aboutads.info
33,Alix,eY0|cs$Xn7VKWg,arullerw@youku.com
34,Pansy,nE6(eVM5d,pdenersx@state.tx.us
35,Ron,"cW0""d!9.wiDt8_Z6",rshoubridgey@japanpost.jp
36,Kristo,tC4#?dRpyT,kkleingrubz@storify.com
37,Frederich,sR2\LmDqk=Vt(o,ftomovic10@utexas.edu
38,Shandra,pC2#|=lhwU,sarrowsmith11@cpanel.net
39,Parsifal,xR8<'q=VP<AQ,pmackriell12@ebay.com
40,Mira,oI0{}}qf1,mleven13@barnesandnoble.com
41,Burlie,jP3/sSoZk>)DvSJV,bweightman14@usda.gov
42,Emelia,rV2.>c|f',ekubczak15@bigcartel.com
43,Klaus,oI8/GW4}K,kwelds16@chronoengine.com
44,Booth,qR2.R9r.HLvS~,bledley17@tmall.com
45,Myranda,fE2*t(MdMEP`,mchampney18@oakley.com
46,Jaynell,yZ9\W*?Bl,jpark19@forbes.com
47,Evelina,"kM1,%V'xDseQ",evaladez1a@wired.com
48,Rice,vA3.X7g3q+G,rmacmorland1b@cornell.edu
49,Max,hU1#E||nV'ODNOnB,mrame1c@icq.com
50,Sheppard,"iN4'h*OP1E=u""1Tr",sschiementz1d@canalblog.com
51,Vincent,nM9/!E*\IliaQ$,vtwentyman1e@nyu.edu
52,Edyth,fW8.sxy0(.>1,ebaggaley1f@ox.ac.uk
53,Bobette,"iG7`7j`""VB",bjailler1g@stumbleupon.com
54,Kittie,eC6~'|hpoY(o3,klukins1h@lulu.com
55,Lyndsay,dA4`gD/|F\K&p,larnal1i@lycos.com
56,Jacky,dV5)6gT6?#/e,jrangell1j@symantec.com
57,Merlina,"qO8?!\,wZ)}$y|2K",mvellden1k@icio.us
58,Franciskus,pS4}vMs$D4M5,ftarver1l@tinypic.com
59,Gavrielle,pC8)w04Dz)OZ,gmacsweeney1m@ocn.ne.jp
60,Chic,"pS9(""LAI0Ll*",ctaaffe1n@businesswire.com
61,Reinald,wI9.2K98?PPI,rabsalom1o@deviantart.com
62,Cobb,"oL6$hW2,d)U=5&",ccarrane1p@bbb.org
63,Vivia,kR0?&lUm$s.uB,vtoulmin1q@wix.com
64,Xylina,vX6=70gVOh}zwy,xryhorovich1r@purevolume.com
65,Major,sN9'sMk0pThf0,mvedntyev1s@senate.gov
66,Emmeline,iW3>uFvPQDX,epettiford1t@cyberchimps.com
67,Petrina,"wW7_2""&(",pleversha1u@ehow.com
68,Joycelin,uW8}64.P(K&/\s,jcregeen1v@dropbox.com
69,Kim,tW4(oO0M{$ib4>x,kgillingham1w@rakuten.co.jp
70,Zak,"vI3\/N8""<4~",zgiannoni1x@hc360.com
71,Cullin,dI4#hDyoPU,cescala1y@dmoz.org
72,Sly,gL1+tjyR,slorain1z@zimbio.com
73,Fanny,dL3|&pC(viR6HTP,fnormand20@yahoo.com
74,Jeffie,vR9~AfDr*m>V.p,jvogelein21@homestead.com
75,Tades,rB1~~0$X3C3g/,tdellenbach22@chronoengine.com
76,Lola,sH8/W`y7>o.$,lbinnie23@quantcast.com
77,Demetre,rE1)FZK'Ja,dredmond24@squarespace.com
78,Creighton,aW1|XgUxB,cpitbladdo25@free.fr
79,Paten,jY5!}QKsaSU,pespadater26@comsenz.com
80,Justin,jW6=4?xqp,jwaryk27@mit.edu
81,Ewart,"vT9,>lS~=",emirralls28@upenn.edu
82,Ric,"dI3,1j)CyX3",rmoseby29@soup.io
83,Agnesse,rV5(RcU5+,amichel2a@indiegogo.com
84,Elvis,"rH1\<=IdZ{,",eraveau2b@com.com
85,Ethan,mE7{8MgeVjg,ecrocetti2c@amazon.com
86,Winnie,"bL3'#bXI1,#ZCPgA",wvassman2d@prlog.org
87,Anny,kR1+=Jhh$FYl!Na(,abettison2e@ucla.edu
88,Penny,mT2(DF{zr@xB4,ptipping2f@imdb.com
89,Skippy,"vU2@Qp$TTC2@""",sboow2g@nature.com
90,Mignonne,tK9|F#w/,mreen2h@pbs.org
91,Emilio,lG3\u&$x3&TY*,ehrinishin2i@wordpress.org
92,Eliot,nR6_d/TB525Bxs@<,efolbigg2j@google.de
93,Weider,"pG1,M,Z|",wreidshaw2k@gravatar.com
94,Manny,dH4/NClgVx!?,mchallenor2l@github.io
95,Yancey,oX4(B{juQ%G,yjumont2m@wikimedia.org
96,Wald,oU1.4K2/rAv,wdegg2n@cornell.edu
97,Anatollo,"lS9/`ZGc+V,%xrP",abeardsworth2o@sphinn.com
98,Griswold,mB7&}&BPlMiT,gbrunskill2p@ftc.gov
99,Casey,"uW1\w+d""Ls",cazemar2q@google.es
100,Lydia,zI4+KFt8&3H~E,lfrankcombe2r@elegantthemes.com
